{
  "size": "lg",
  "items": [
    {
      "icon": {
        "name": "attach_money",
        "color": "green"
      },
      "content": "<h3 class=\"usa-icon-list__title\">Let the sun shine.</h3>\n<p>On sunny days, open your curtains to allow the sun to naturally warm the rooms of your home without using electricity. Natural sunlight can also lift your mood to help brighten your day. On warm days, close your curtains to help keep your house cool.</p>"
    },
    {
      "icon": {
        "name": "attach_money",
        "color": "green"
      },
      "content": "<h3 class=\"usa-icon-list__title\">Adjust your schedule.</h3>\n<p>Instead of running high-energy-use appliances such as dishwashers and clothes dryers during mid-afternoon or early evening hours, operate them early in the morning or late at night. Some utilities charge less at off-peak times, which will help reduce your costs.</p>"
    },
    {
      "icon": {
        "name": "attach_money",
        "color": "green"
      },
      "content": "<h3 class=\"usa-icon-list__title\">Fill it up.</h3>\n<p>Wash full loads, whether it’s clothes or dishes. Washing multiple small loads means you’re using and heating more water, which can increase your expenses. Using cold water for clothes washing can also help lower your costs.</p>"
    }
  ],
  "img_path": "./img"
}
