{
  "color": "primary",
  "items": [
    {
      "icon": {
        "name": "thumb_up_alt",
        "color": null
      },
      "content": "No processing lines"
    },
    {
      "icon": {
        "name": "thumb_up_alt",
        "color": null
      },
      "content": "Access to expedited entry benefits in other countries"
    },
    {
      "icon": {
        "name": "thumb_up_alt",
        "color": null
      },
      "content": "Available at major U.S. airports"
    },
    {
      "icon": {
        "name": "thumb_up_alt",
        "color": null
      },
      "content": "Reduced wait times"
    }
  ],
  "img_path": "./img"
}
