{
  "banner": {
    "id": "gov-banner-lang-es",
    "text": "Un sitio oficial del Gobierno de Estados Unidos",
    "action": "Así es como usted puede verificarlo",
    "aria_label": "Un sitio oficial del Gobierno de Estados Unidos"
  },
  "domain": {
    "heading": "Los sitios web oficiales usan .gov",
    "text": "Un sitio web <strong>.gov</strong> pertenece a una organización oficial del Gobierno de Estados Unidos."
  },
  "https": {
    "heading": "Los sitios web seguros .gov usan HTTPS",
    "pretext": "Un <strong>candado</strong>",
    "posttext": "o <strong>https://</strong> significa que usted se conectó de forma segura a un sitio web .gov.  Comparta información sensible sólo en sitios web oficiales y seguros."
  }
}
